Workbook

Sheet Migracao
A1: Cabeçalho - Tipo do registro | B1: Cabeçalho - ID da IES no INEP | C1: Reg.Lab - tipo do registro | D1: Nome do Lab | E1: Registro do Lab | F1: O lab esteve ativo em 2025? | G1: Descrição das atividades do laboratório (ate 2000 caracteres) | H1: Palavras-chave (até 100 caracteres) | I1: O laboratório é de informática? | J1: Área de conhecimento do laboratório. Ciências Exatas e da Terra | K1: Área de conhecimento do laboratório. Ciências Biológicas | L1: Área de conhecimento do laboratório. Engenharias | M1: Área de conhecimento do laboratório. Ciência da Saúde | N1: Área de conhecimento do laboratório. Ciências Agrárias | O1: Área de conhecimento do laboratório. Ciências Sociais Aplicadas | P1: Área de conhecimento do laboratório. Ciências Humanas | Q1: Área de conhecimento do laboratório. Linguística, Letras e Artes | R1: O laboratório é itinerante? | S1: Além dos alunos de graduação, houve outros estudantes que utilizaram o laboratório durante o ano letivo de 2025? | T1: Durante o ano letivo de 2025, o laboratório foi utilizado para a finalidade de Ensino? | U1: Durante o ano letivo de 2025, o laboratório foi utilizado para a finalidade de Pesquisa? | V1: Durante o ano letivo de 2025, o laboratório foi utilizado para a finalidade de Extensão? | W1: Durante o ano letivo de 2025, o laboratório executou plano, procedimento ou protocolo formal de Política de acesso e agendamento? | X1: Durante o ano letivo de 2025, o laboratório executou plano, procedimento ou protocolo formal de Manutenção? | Y1: Durante o ano letivo de 2025, o laboratório executou plano, procedimento ou protocolo formal de Gerenciamento de riscos? | Z1: Durante o ano letivo de 2025, o laboratório executou plano, procedimento ou protocolo formal de gerenciamento de resíduos? | AA1: O laboratório está localizado em algum local de oferta da IES? | AB1: Código do local de oferta | AC1: Código da UF do laboratório | AD1: Código do município do laboratório | AE1: Tipo de registro - vínculo ao curso | AF1: Código do Curso no INEP
A2: 10 | B2: 586 | C2: 11 | D2: =('P1'!A2) -> NOME | E2: =('P1'!B2) -> COD_LAB_1 | F2: 1 | G2: =('P1'!C2) -> DESCRIÇÃO | H2: =('P1'!D2) -> palavra-chave 1, palavra-chave 2, palavra-chave 3 | I2: =IF('P1'!E2="Sim", 1, 0) -> 0 | J2: =IF(OR('P1'!F2="Ciências Exatas e da Terra", 'P1'!G2="Ciências Exatas e da Terra"), 1, 0) -> 0 | K2: =IF(OR('P1'!F2="Ciências Biológicas", 'P1'!G2="Ciências Biológicas"), 1, 0) -> 0 | L2: =IF(OR('P1'!F2="Engenharias", 'P1'!G2="Engenharias"), 1, 0) -> 0 | M2: =IF(OR('P1'!F2="Ciências da Saúde", 'P1'!G2="Ciências da Saúde"), 1, 0) -> 0 | N2: =IF(OR('P1'!F2="Ciências Agrárias", 'P1'!G2="Ciências Agrárias"), 1, 0) -> 0 | O2: =IF(OR('P1'!F2="Ciências Socias Aplicadas", 'P1'!G2="Ciências Socias Aplicadas"), 1, 0) -> 0 | P2: =IF(OR('P1'!F2="Ciências Humanas", 'P1'!G2="Ciências Humanas"), 1, 0) -> 1 | Q2: =IF(OR(OR('P1'!F2="Linguística", 'P1'!G2="Linguística"),'P1'!F2="Letras e Artes", 'P1'!G2="Letras e Artes"), 1, 0) -> 0 | R2: =IF('P1'!N2="Sim", 1, 0) -> 0 | S2: =IF('P1'!H2="Sim", 1, 0) -> 1 | T2: =IFERROR(__xludf.DUMMYFUNCTION("IF(REGEXMATCH('P1'!I2, ""Ensino""), 1,0)"),1.0) -> 1 | U2: =IFERROR(__xludf.DUMMYFUNCTION("IF(REGEXMATCH('P1'!I2, ""Pesquisa|pesquisa""), 1,0)"),1.0) -> 1 | V2: =IFERROR(__xludf.DUMMYFUNCTION("IF(REGEXMATCH('P1'!I2, ""Extensão|extensão""), 1,0)"),1.0) -> 1 | W2: =IF('P1'!J2="Sim", 1,IF('P1'!J2="Não",0,2)) -> 2 | X2: =IF('P1'!K2="Sim", 1,IF('P1'!K2="Não",0,2)) -> 2 | Y2: =IF('P1'!L2="Sim", 1,IF('P1'!L2="Não",0,2)) -> 2 | Z2: =IF('P1'!M2="Sim", 1,IF('P1'!M2="Não",0,2)) -> 2 | AA2: 1 | AB2: 997 | AC2: 33 | AD2: 3304557 | AE2: 12 | AF2: 107716 | AG2: 107717
A3: 10 | B3: 586 | C3: 11 | D3: =('P1'!A3) -> NOME | E3: =('P1'!B3) -> COD_LAB_2 | F3: 1 | G3: =('P1'!C3) -> DESCRIÇÃO | H3: =('P1'!D3) -> palavra-chave 1, palavra-chave 2, palavra-chave 3 | I3: =IF('P1'!E3="Sim", 1, 0) -> 0 | J3: =IF(OR('P1'!F3="Ciências Exatas e da Terra", 'P1'!G3="Ciências Exatas e da Terra"), 1, 0) -> 0 | K3: =IF(OR('P1'!F3="Ciências Biológicas", 'P1'!G3="Ciências Biológicas"), 1, 0) -> 0 | L3: =IF(OR('P1'!F3="Engenharias", 'P1'!G3="Engenharias"), 1, 0) -> 0 | M3: =IF(OR('P1'!F3="Ciências da Saúde", 'P1'!G3="Ciências da Saúde"), 1, 0) -> 0 | N3: =IF(OR('P1'!F3="Ciências Agrárias", 'P1'!G3="Ciências Agrárias"), 1, 0) -> 0 | O3: =IF(OR('P1'!F3="Ciências Socias Aplicadas", 'P1'!G3="Ciências Socias Aplicadas"), 1, 0) -> 1 | P3: =IF(OR('P1'!F3="Ciências Humanas", 'P1'!G3="Ciências Humanas"), 1, 0) -> 1 | Q3: =IF(OR(OR('P1'!F3="Linguística", 'P1'!G3="Linguística"),'P1'!F3="Letras e Artes", 'P1'!G3="Letras e Artes"), 1, 0) -> 0 | R3: =IF('P1'!N3="Sim", 1, 0) -> 0 | S3: =IF('P1'!H3="Sim", 1, 0) -> 1 | T3: =IFERROR(__xludf.DUMMYFUNCTION("IF(REGEXMATCH('P1'!I3, ""Ensino""), 1,0)"),1.0) -> 1 | U3: =IFERROR(__xludf.DUMMYFUNCTION("IF(REGEXMATCH('P1'!I3, ""Pesquisa|pesquisa""), 1,0)"),1.0) -> 1 | V3: =IFERROR(__xludf.DUMMYFUNCTION("IF(REGEXMATCH('P1'!I3, ""Extensão|extensão""), 1,0)"),1.0) -> 1 | W3: =IF('P1'!J3="Sim", 1,IF('P1'!J3="Não",0,2)) -> 2 | X3: =IF('P1'!K3="Sim", 1,IF('P1'!K3="Não",0,2)) -> 2 | Y3: =IF('P1'!L3="Sim", 1,IF('P1'!L3="Não",0,2)) -> 2 | Z3: =IF('P1'!M3="Sim", 1,IF('P1'!M3="Não",0,2)) -> 2 | AA3: 1 | AB3: 997 | AC3: 33 | AD3: 3304557 | AE3: 12 | AF3: 107716 | AG3: 107717
A4: 10 | B4: 586 | C4: 11 | D4: =('P1'!A4) -> NOME | E4: =('P1'!B4) -> COD_LAB_3 | F4: 1 | G4: =('P1'!C4) -> DESCRIÇÃO | H4: =('P1'!D4) -> palavra-chave 1, palavra-chave 2, palavra-chave 3 | I4: =IF('P1'!E4="Sim", 1, 0) -> 0 | J4: =IF(OR('P1'!F4="Ciências Exatas e da Terra", 'P1'!G4="Ciências Exatas e da Terra"), 1, 0) -> 0 | K4: =IF(OR('P1'!F4="Ciências Biológicas", 'P1'!G4="Ciências Biológicas"), 1, 0) -> 0 | L4: =IF(OR('P1'!F4="Engenharias", 'P1'!G4="Engenharias"), 1, 0) -> 0 | M4: =IF(OR('P1'!F4="Ciências da Saúde", 'P1'!G4="Ciências da Saúde"), 1, 0) -> 0 | N4: =IF(OR('P1'!F4="Ciências Agrárias", 'P1'!G4="Ciências Agrárias"), 1, 0) -> 0 | O4: =IF(OR('P1'!F4="Ciências Socias Aplicadas", 'P1'!G4="Ciências Socias Aplicadas"), 1, 0) -> 0 | P4: =IF(OR('P1'!F4="Ciências Humanas", 'P1'!G4="Ciências Humanas"), 1, 0) -> 1 | Q4: =IF(OR(OR('P1'!F4="Linguística", 'P1'!G4="Linguística"),'P1'!F4="Letras e Artes", 'P1'!G4="Letras e Artes"), 1, 0) -> 1 | R4: =IF('P1'!N4="Sim", 1, 0) -> 0 | S4: =IF('P1'!H4="Sim", 1, 0) -> 1 | T4: =IFERROR(__xludf.DUMMYFUNCTION("IF(REGEXMATCH('P1'!I4, ""Ensino""), 1,0)"),1.0) -> 1 | U4: =IFERROR(__xludf.DUMMYFUNCTION("IF(REGEXMATCH('P1'!I4, ""Pesquisa|pesquisa""), 1,0)"),1.0) -> 1 | V4: =IFERROR(__xludf.DUMMYFUNCTION("IF(REGEXMATCH('P1'!I4, ""Extensão|extensão""), 1,0)"),1.0) -> 1 | W4: =IF('P1'!J4="Sim", 1,IF('P1'!J4="Não",0,2)) -> 2 | X4: =IF('P1'!K4="Sim", 1,IF('P1'!K4="Não",0,2)) -> 2 | Y4: =IF('P1'!L4="Sim", 1,IF('P1'!L4="Não",0,2)) -> 2 | Z4: =IF('P1'!M4="Sim", 1,IF('P1'!M4="Não",0,2)) -> 2 | AA4: 1 | AB4: 997 | AC4: 33 | AD4: 3304557 | AE4: 12 | AF4: 107716 | AG4: 107717
A5: 10 | B5: 586 | C5: 11 | D5: =('P1'!A5) -> NOME | E5: =('P1'!B5) -> COD_LAB_4 | F5: 1 | G5: =('P1'!C5) -> DESCRIÇÃO | H5: =('P1'!D5) -> palavra-chave 1, palavra-chave 2, palavra-chave 3 | I5: =IF('P1'!E5="Sim", 1, 0) -> 0 | J5: =IF(OR('P1'!F5="Ciências Exatas e da Terra", 'P1'!G5="Ciências Exatas e da Terra"), 1, 0) -> 0 | K5: =IF(OR('P1'!F5="Ciências Biológicas", 'P1'!G5="Ciências Biológicas"), 1, 0) -> 0 | L5: =IF(OR('P1'!F5="Engenharias", 'P1'!G5="Engenharias"), 1, 0) -> 0 | M5: =IF(OR('P1'!F5="Ciências da Saúde", 'P1'!G5="Ciências da Saúde"), 1, 0) -> 0 | N5: =IF(OR('P1'!F5="Ciências Agrárias", 'P1'!G5="Ciências Agrárias"), 1, 0) -> 0 | O5: =IF(OR('P1'!F5="Ciências Socias Aplicadas", 'P1'!G5="Ciências Socias Aplicadas"), 1, 0) -> 1 | P5: =IF(OR('P1'!F5="Ciências Humanas", 'P1'!G5="Ciências Humanas"), 1, 0) -> 1 | Q5: =IF(OR(OR('P1'!F5="Linguística", 'P1'!G5="Linguística"),'P1'!F5="Letras e Artes", 'P1'!G5="Letras e Artes"), 1, 0) -> 0 | R5: =IF('P1'!N5="Sim", 1, 0) -> 0 | S5: =IF('P1'!H5="Sim", 1, 0) -> 1 | T5: =IFERROR(__xludf.DUMMYFUNCTION("IF(REGEXMATCH('P1'!I5, ""Ensino""), 1,0)"),1.0) -> 1 | U5: =IFERROR(__xludf.DUMMYFUNCTION("IF(REGEXMATCH('P1'!I5, ""Pesquisa|pesquisa""), 1,0)"),1.0) -> 1 | V5: =IFERROR(__xludf.DUMMYFUNCTION("IF(REGEXMATCH('P1'!I5, ""Extensão|extensão""), 1,0)"),1.0) -> 1 | W5: =IF('P1'!J5="Sim", 1,IF('P1'!J5="Não",0,2)) -> 2 | X5: =IF('P1'!K5="Sim", 1,IF('P1'!K5="Não",0,2)) -> 2 | Y5: =IF('P1'!L5="Sim", 1,IF('P1'!L5="Não",0,2)) -> 2 | Z5: =IF('P1'!M5="Sim", 1,IF('P1'!M5="Não",0,2)) -> 2 | AA5: 1 | AB5: 997 | AC5: 33 | AD5: 3304557 | AE5: 12 | AF5: 107716 | AG5: 107717
A6: 10 | B6: 586 | C6: 11 | D6: =('P1'!A6) -> NOME | E6: =('P1'!B6) -> COD_LAB_5 | F6: 1 | G6: =('P1'!C6) -> DESCRIÇÃO | H6: =('P1'!D6) -> palavra-chave 1, palavra-chave 2, palavra-chave 3 | I6: =IF('P1'!E6="Sim", 1, 0) -> 0 | J6: =IF(OR('P1'!F6="Ciências Exatas e da Terra", 'P1'!G6="Ciências Exatas e da Terra"), 1, 0) -> 0 | K6: =IF(OR('P1'!F6="Ciências Biológicas", 'P1'!G6="Ciências Biológicas"), 1, 0) -> 0 | L6: =IF(OR('P1'!F6="Engenharias", 'P1'!G6="Engenharias"), 1, 0) -> 0 | M6: =IF(OR('P1'!F6="Ciências da Saúde", 'P1'!G6="Ciências da Saúde"), 1, 0) -> 0 | N6: =IF(OR('P1'!F6="Ciências Agrárias", 'P1'!G6="Ciências Agrárias"), 1, 0) -> 0 | O6: =IF(OR('P1'!F6="Ciências Socias Aplicadas", 'P1'!G6="Ciências Socias Aplicadas"), 1, 0) -> 0 | P6: =IF(OR('P1'!F6="Ciências Humanas", 'P1'!G6="Ciências Humanas"), 1, 0) -> 1 | Q6: =IF(OR(OR('P1'!F6="Linguística", 'P1'!G6="Linguística"),'P1'!F6="Letras e Artes", 'P1'!G6="Letras e Artes"), 1, 0) -> 0 | R6: =IF('P1'!N6="Sim", 1, 0) -> 0 | S6: =IF('P1'!H6="Sim", 1, 0) -> 1 | T6: =IFERROR(__xludf.DUMMYFUNCTION("IF(REGEXMATCH('P1'!I6, ""Ensino""), 1,0)"),1.0) -> 1 | U6: =IFERROR(__xludf.DUMMYFUNCTION("IF(REGEXMATCH('P1'!I6, ""Pesquisa|pesquisa""), 1,0)"),1.0) -> 1 | V6: =IFERROR(__xludf.DUMMYFUNCTION("IF(REGEXMATCH('P1'!I6, ""Extensão|extensão""), 1,0)"),1.0) -> 1 | W6: =IF('P1'!J6="Sim", 1,IF('P1'!J6="Não",0,2)) -> 2 | X6: =IF('P1'!K6="Sim", 1,IF('P1'!K6="Não",0,2)) -> 2 | Y6: =IF('P1'!L6="Sim", 1,IF('P1'!L6="Não",0,2)) -> 2 | Z6: =IF('P1'!M6="Sim", 1,IF('P1'!M6="Não",0,2)) -> 2 | AA6: 1 | AB6: 997 | AC6: 33 | AD6: 3304557 | AE6: 12 | AF6: 107716 | AG6: 107717
A7: 10 | B7: 586 | C7: 11 | D7: =('P1'!A7) -> NOME | E7: =('P1'!B7) -> COD_LAB_6 | F7: 1 | G7: =('P1'!C7) -> DESCRIÇÃO | H7: =('P1'!D7) -> palavra-chave 1, palavra-chave 2, palavra-chave 3 | I7: =IF('P1'!E7="Sim", 1, 0) -> 0 | J7: =IF(OR('P1'!F7="Ciências Exatas e da Terra", 'P1'!G7="Ciências Exatas e da Terra"), 1, 0) -> 0 | K7: =IF(OR('P1'!F7="Ciências Biológicas", 'P1'!G7="Ciências Biológicas"), 1, 0) -> 0 | L7: =IF(OR('P1'!F7="Engenharias", 'P1'!G7="Engenharias"), 1, 0) -> 0 | M7: =IF(OR('P1'!F7="Ciências da Saúde", 'P1'!G7="Ciências da Saúde"), 1, 0) -> 0 | N7: =IF(OR('P1'!F7="Ciências Agrárias", 'P1'!G7="Ciências Agrárias"), 1, 0) -> 0 | O7: =IF(OR('P1'!F7="Ciências Socias Aplicadas", 'P1'!G7="Ciências Socias Aplicadas"), 1, 0) -> 0 | P7: =IF(OR('P1'!F7="Ciências Humanas", 'P1'!G7="Ciências Humanas"), 1, 0) -> 1 | Q7: =IF(OR(OR('P1'!F7="Linguística", 'P1'!G7="Linguística"),'P1'!F7="Letras e Artes", 'P1'!G7="Letras e Artes"), 1, 0) -> 1 | R7: =IF('P1'!N7="Sim", 1, 0) -> 0 | S7: =IF('P1'!H7="Sim", 1, 0) -> 1 | T7: =IFERROR(__xludf.DUMMYFUNCTION("IF(REGEXMATCH('P1'!I7, ""Ensino""), 1,0)"),1.0) -> 1 | U7: =IFERROR(__xludf.DUMMYFUNCTION("IF(REGEXMATCH('P1'!I7, ""Pesquisa|pesquisa""), 1,0)"),1.0) -> 1 | V7: =IFERROR(__xludf.DUMMYFUNCTION("IF(REGEXMATCH('P1'!I7, ""Extensão|extensão""), 1,0)"),1.0) -> 1 | W7: =IF('P1'!J7="Sim", 1,IF('P1'!J7="Não",0,2)) -> 2 | X7: =IF('P1'!K7="Sim", 1,IF('P1'!K7="Não",0,2)) -> 2 | Y7: =IF('P1'!L7="Sim", 1,IF('P1'!L7="Não",0,2)) -> 2 | Z7: =IF('P1'!M7="Sim", 1,IF('P1'!M7="Não",0,2)) -> 2 | AA7: 1 | AB7: 997 | AC7: 33 | AD7: 3304557 | AE7: 12 | AF7: 107716 | AG7: 107717
A8: 10 | B8: 586 | C8: 11 | D8: =('P1'!A8) -> NOME | E8: =('P1'!B8) -> COD_LAB_7 | F8: 1 | G8: =('P1'!C8) -> DESCRIÇÃO | H8: =('P1'!D8) -> palavra-chave 1, palavra-chave 2, palavra-chave 3 | I8: =IF('P1'!E8="Sim", 1, 0) -> 0 | J8: =IF(OR('P1'!F8="Ciências Exatas e da Terra", 'P1'!G8="Ciências Exatas e da Terra"), 1, 0) -> 0 | K8: =IF(OR('P1'!F8="Ciências Biológicas", 'P1'!G8="Ciências Biológicas"), 1, 0) -> 0 | L8: =IF(OR('P1'!F8="Engenharias", 'P1'!G8="Engenharias"), 1, 0) -> 0 | M8: =IF(OR('P1'!F8="Ciências da Saúde", 'P1'!G8="Ciências da Saúde"), 1, 0) -> 0 | N8: =IF(OR('P1'!F8="Ciências Agrárias", 'P1'!G8="Ciências Agrárias"), 1, 0) -> 0 | O8: =IF(OR('P1'!F8="Ciências Socias Aplicadas", 'P1'!G8="Ciências Socias Aplicadas"), 1, 0) -> 1 | P8: =IF(OR('P1'!F8="Ciências Humanas", 'P1'!G8="Ciências Humanas"), 1, 0) -> 1 | Q8: =IF(OR(OR('P1'!F8="Linguística", 'P1'!G8="Linguística"),'P1'!F8="Letras e Artes", 'P1'!G8="Letras e Artes"), 1, 0) -> 0 | R8: =IF('P1'!N8="Sim", 1, 0) -> 0 | S8: =IF('P1'!H8="Sim", 1, 0) -> 1 | T8: =IFERROR(__xludf.DUMMYFUNCTION("IF(REGEXMATCH('P1'!I8, ""Ensino""), 1,0)"),1.0) -> 1 | U8: =IFERROR(__xludf.DUMMYFUNCTION("IF(REGEXMATCH('P1'!I8, ""Pesquisa|pesquisa""), 1,0)"),1.0) -> 1 | V8: =IFERROR(__xludf.DUMMYFUNCTION("IF(REGEXMATCH('P1'!I8, ""Extensão|extensão""), 1,0)"),1.0) -> 1 | W8: =IF('P1'!J8="Sim", 1,IF('P1'!J8="Não",0,2)) -> 0 | X8: =IF('P1'!K8="Sim", 1,IF('P1'!K8="Não",0,2)) -> 0 | Y8: =IF('P1'!L8="Sim", 1,IF('P1'!L8="Não",0,2)) -> 0 | Z8: =IF('P1'!M8="Sim", 1,IF('P1'!M8="Não",0,2)) -> 0 | AA8: 1 | AB8: 997 | AC8: 33 | AD8: 3304557 | AE8: 12 | AF8: 107716 | AG8: 107717
A9: 10 | B9: 586 | C9: 11 | D9: =('P1'!A9) -> NOME | E9: =('P1'!B9) -> COD_LAB_8 | F9: 1 | G9: =('P1'!C9) -> DESCRIÇÃO | H9: =('P1'!D9) -> palavra-chave 1, palavra-chave 2, palavra-chave 3 | I9: =IF('P1'!E9="Sim", 1, 0) -> 0 | J9: =IF(OR('P1'!F9="Ciências Exatas e da Terra", 'P1'!G9="Ciências Exatas e da Terra"), 1, 0) -> 0 | K9: =IF(OR('P1'!F9="Ciências Biológicas", 'P1'!G9="Ciências Biológicas"), 1, 0) -> 0 | L9: =IF(OR('P1'!F9="Engenharias", 'P1'!G9="Engenharias"), 1, 0) -> 0 | M9: =IF(OR('P1'!F9="Ciências da Saúde", 'P1'!G9="Ciências da Saúde"), 1, 0) -> 0 | N9: =IF(OR('P1'!F9="Ciências Agrárias", 'P1'!G9="Ciências Agrárias"), 1, 0) -> 0 | O9: =IF(OR('P1'!F9="Ciências Socias Aplicadas", 'P1'!G9="Ciências Socias Aplicadas"), 1, 0) -> 0 | P9: =IF(OR('P1'!F9="Ciências Humanas", 'P1'!G9="Ciências Humanas"), 1, 0) -> 1 | Q9: =IF(OR(OR('P1'!F9="Linguística", 'P1'!G9="Linguística"),'P1'!F9="Letras e Artes", 'P1'!G9="Letras e Artes"), 1, 0) -> 0 | R9: =IF('P1'!N9="Sim", 1, 0) -> 0 | S9: =IF('P1'!H9="Sim", 1, 0) -> 1 | T9: =IFERROR(__xludf.DUMMYFUNCTION("IF(REGEXMATCH('P1'!I9, ""Ensino""), 1,0)"),1.0) -> 1 | U9: =IFERROR(__xludf.DUMMYFUNCTION("IF(REGEXMATCH('P1'!I9, ""Pesquisa|pesquisa""), 1,0)"),1.0) -> 1 | V9: =IFERROR(__xludf.DUMMYFUNCTION("IF(REGEXMATCH('P1'!I9, ""Extensão|extensão""), 1,0)"),1.0) -> 1 | W9: =IF('P1'!J9="Sim", 1,IF('P1'!J9="Não",0,2)) -> 2 | X9: =IF('P1'!K9="Sim", 1,IF('P1'!K9="Não",0,2)) -> 2 | Y9: =IF('P1'!L9="Sim", 1,IF('P1'!L9="Não",0,2)) -> 2 | Z9: =IF('P1'!M9="Sim", 1,IF('P1'!M9="Não",0,2)) -> 2 | AA9: 1 | AB9: 997 | AC9: 33 | AD9: 3304557 | AE9: 12 | AF9: 107716 | AG9: 107717
A10: 10 | B10: 586 | C10: 11 | D10: =('P1'!A10) -> NOME | E10: =('P1'!B10) -> COD_LAB_9 | F10: 1 | G10: =('P1'!C10) -> DESCRIÇÃO | H10: =('P1'!D10) -> palavra-chave 1, palavra-chave 2, palavra-chave 3 | I10: =IF('P1'!E10="Sim", 1, 0) -> 0 | J10: =IF(OR('P1'!F10="Ciências Exatas e da Terra", 'P1'!G10="Ciências Exatas e da Terra"), 1, 0) -> 0 | K10: =IF(OR('P1'!F10="Ciências Biológicas", 'P1'!G10="Ciências Biológicas"), 1, 0) -> 0 | L10: =IF(OR('P1'!F10="Engenharias", 'P1'!G10="Engenharias"), 1, 0) -> 0 | M10: =IF(OR('P1'!F10="Ciências da Saúde", 'P1'!G10="Ciências da Saúde"), 1, 0) -> 0 | N10: =IF(OR('P1'!F10="Ciências Agrárias", 'P1'!G10="Ciências Agrárias"), 1, 0) -> 0 | O10: =IF(OR('P1'!F10="Ciências Socias Aplicadas", 'P1'!G10="Ciências Socias Aplicadas"), 1, 0) -> 0 | P10: =IF(OR('P1'!F10="Ciências Humanas", 'P1'!G10="Ciências Humanas"), 1, 0) -> 1 | Q10: =IF(OR(OR('P1'!F10="Linguística", 'P1'!G10="Linguística"),'P1'!F10="Letras e Artes", 'P1'!G10="Letras e Artes"), 1, 0) -> 1 | R10: =IF('P1'!N10="Sim", 1, 0) -> 0 | S10: =IF('P1'!H10="Sim", 1, 0) -> 1 | T10: =IFERROR(__xludf.DUMMYFUNCTION("IF(REGEXMATCH('P1'!I10, ""Ensino""), 1,0)"),1.0) -> 1 | U10: =IFERROR(__xludf.DUMMYFUNCTION("IF(REGEXMATCH('P1'!I10, ""Pesquisa|pesquisa""), 1,0)"),1.0) -> 1 | V10: =IFERROR(__xludf.DUMMYFUNCTION("IF(REGEXMATCH('P1'!I10, ""Extensão|extensão""), 1,0)"),1.0) -> 1 | W10: =IF('P1'!J10="Sim", 1,IF('P1'!J10="Não",0,2)) -> 2 | X10: =IF('P1'!K10="Sim", 1,IF('P1'!K10="Não",0,2)) -> 1 | Y10: =IF('P1'!L10="Sim", 1,IF('P1'!L10="Não",0,2)) -> 2 | Z10: =IF('P1'!M10="Sim", 1,IF('P1'!M10="Não",0,2)) -> 2 | AA10: 1 | AB10: 997 | AC10: 33 | AD10: 3304557 | AE10: 12 | AF10: 107716 | AG10: 107717
A11: 10 | B11: 586 | C11: 11 | D11: =('P1'!A11) -> NOME | E11: =('P1'!B11) -> COD_LAB_10 | F11: 1 | G11: =('P1'!C11) -> DESCRIÇÃO | H11: =('P1'!D11) -> palavra-chave 1, palavra-chave 2, palavra-chave 3 | I11: =IF('P1'!E11="Sim", 1, 0) -> 0 | J11: =IF(OR('P1'!F11="Ciências Exatas e da Terra", 'P1'!G11="Ciências Exatas e da Terra"), 1, 0) -> 0 | K11: =IF(OR('P1'!F11="Ciências Biológicas", 'P1'!G11="Ciências Biológicas"), 1, 0) -> 0 | L11: =IF(OR('P1'!F11="Engenharias", 'P1'!G11="Engenharias"), 1, 0) -> 0 | M11: =IF(OR('P1'!F11="Ciências da Saúde", 'P1'!G11="Ciências da Saúde"), 1, 0) -> 0 | N11: =IF(OR('P1'!F11="Ciências Agrárias", 'P1'!G11="Ciências Agrárias"), 1, 0) -> 0 | O11: =IF(OR('P1'!F11="Ciências Socias Aplicadas", 'P1'!G11="Ciências Socias Aplicadas"), 1, 0) -> 1 | P11: =IF(OR('P1'!F11="Ciências Humanas", 'P1'!G11="Ciências Humanas"), 1, 0) -> 1 | Q11: =IF(OR(OR('P1'!F11="Linguística", 'P1'!G11="Linguística"),'P1'!F11="Letras e Artes", 'P1'!G11="Letras e Artes"), 1, 0) -> 0 | R11: =IF('P1'!N11="Sim", 1, 0) -> 0 | S11: =IF('P1'!H11="Sim", 1, 0) -> 1 | T11: =IFERROR(__xludf.DUMMYFUNCTION("IF(REGEXMATCH('P1'!I11, ""Ensino""), 1,0)"),1.0) -> 1 | U11: =IFERROR(__xludf.DUMMYFUNCTION("IF(REGEXMATCH('P1'!I11, ""Pesquisa|pesquisa""), 1,0)"),1.0) -> 1 | V11: =IFERROR(__xludf.DUMMYFUNCTION("IF(REGEXMATCH('P1'!I11, ""Extensão|extensão""), 1,0)"),1.0) -> 1 | W11: =IF('P1'!J11="Sim", 1,IF('P1'!J11="Não",0,2)) -> 2 | X11: =IF('P1'!K11="Sim", 1,IF('P1'!K11="Não",0,2)) -> 2 | Y11: =IF('P1'!L11="Sim", 1,IF('P1'!L11="Não",0,2)) -> 2 | Z11: =IF('P1'!M11="Sim", 1,IF('P1'!M11="Não",0,2)) -> 2 | AA11: 1 | AB11: 997 | AC11: 33 | AD11: 3304557 | AE11: 12 | AF11: 107716 | AG11: 107717
A12: 10 | B12: 586 | C12: 11 | D12: =('P1'!A12) -> NOME | E12: =('P1'!B12) -> COD_LAB_11 | F12: 1 | G12: =('P1'!C12) -> DESCRIÇÃO | H12: =('P1'!D12) -> palavra-chave 1, palavra-chave 2, palavra-chave 3 | I12: =IF('P1'!E12="Sim", 1, 0) -> 0 | J12: =IF(OR('P1'!F12="Ciências Exatas e da Terra", 'P1'!G12="Ciências Exatas e da Terra"), 1, 0) -> 0 | K12: =IF(OR('P1'!F12="Ciências Biológicas", 'P1'!G12="Ciências Biológicas"), 1, 0) -> 0 | L12: =IF(OR('P1'!F12="Engenharias", 'P1'!G12="Engenharias"), 1, 0) -> 0 | M12: =IF(OR('P1'!F12="Ciências da Saúde", 'P1'!G12="Ciências da Saúde"), 1, 0) -> 0 | N12: =IF(OR('P1'!F12="Ciências Agrárias", 'P1'!G12="Ciências Agrárias"), 1, 0) -> 0 | O12: =IF(OR('P1'!F12="Ciências Socias Aplicadas", 'P1'!G12="Ciências Socias Aplicadas"), 1, 0) -> 0 | P12: =IF(OR('P1'!F12="Ciências Humanas", 'P1'!G12="Ciências Humanas"), 1, 0) -> 1 | Q12: =IF(OR(OR('P1'!F12="Linguística", 'P1'!G12="Linguística"),'P1'!F12="Letras e Artes", 'P1'!G12="Letras e Artes"), 1, 0) -> 1 | R12: =IF('P1'!N12="Sim", 1, 0) -> 0 | S12: =IF('P1'!H12="Sim", 1, 0) -> 1 | T12: =IFERROR(__xludf.DUMMYFUNCTION("IF(REGEXMATCH('P1'!I12, ""Ensino""), 1,0)"),1.0) -> 1 | U12: =IFERROR(__xludf.DUMMYFUNCTION("IF(REGEXMATCH('P1'!I12, ""Pesquisa|pesquisa""), 1,0)"),1.0) -> 1 | V12: =IFERROR(__xludf.DUMMYFUNCTION("IF(REGEXMATCH('P1'!I12, ""Extensão|extensão""), 1,0)"),1.0) -> 1 | W12: =IF('P1'!J12="Sim", 1,IF('P1'!J12="Não",0,2)) -> 2 | X12: =IF('P1'!K12="Sim", 1,IF('P1'!K12="Não",0,2)) -> 2 | Y12: =IF('P1'!L12="Sim", 1,IF('P1'!L12="Não",0,2)) -> 2 | Z12: =IF('P1'!M12="Sim", 1,IF('P1'!M12="Não",0,2)) -> 2 | AA12: 1 | AB12: 997 | AC12: 33 | AD12: 3304557 | AE12: 12 | AF12: 107716 | AG12: 107717
A13: 10 | B13: 586 | C13: 11 | D13: =('P1'!A13) -> NOME | E13: =('P1'!B13) -> COD_LAB_12 | F13: 1 | G13: =('P1'!C13) -> DESCRIÇÃO | H13: =('P1'!D13) -> palavra-chave 1, palavra-chave 2, palavra-chave 3 | I13: =IF('P1'!E13="Sim", 1, 0) -> 0 | J13: =IF(OR('P1'!F13="Ciências Exatas e da Terra", 'P1'!G13="Ciências Exatas e da Terra"), 1, 0) -> 0 | K13: =IF(OR('P1'!F13="Ciências Biológicas", 'P1'!G13="Ciências Biológicas"), 1, 0) -> 0 | L13: =IF(OR('P1'!F13="Engenharias", 'P1'!G13="Engenharias"), 1, 0) -> 0 | M13: =IF(OR('P1'!F13="Ciências da Saúde", 'P1'!G13="Ciências da Saúde"), 1, 0) -> 0 | N13: =IF(OR('P1'!F13="Ciências Agrárias", 'P1'!G13="Ciências Agrárias"), 1, 0) -> 0 | O13: =IF(OR('P1'!F13="Ciências Socias Aplicadas", 'P1'!G13="Ciências Socias Aplicadas"), 1, 0) -> 0 | P13: =IF(OR('P1'!F13="Ciências Humanas", 'P1'!G13="Ciências Humanas"), 1, 0) -> 1 | Q13: =IF(OR(OR('P1'!F13="Linguística", 'P1'!G13="Linguística"),'P1'!F13="Letras e Artes", 'P1'!G13="Letras e Artes"), 1, 0) -> 1 | R13: =IF('P1'!N13="Sim", 1, 0) -> 0 | S13: =IF('P1'!H13="Sim", 1, 0) -> 1 | T13: =IFERROR(__xludf.DUMMYFUNCTION("IF(REGEXMATCH('P1'!I13, ""Ensino""), 1,0)"),1.0) -> 1 | U13: =IFERROR(__xludf.DUMMYFUNCTION("IF(REGEXMATCH('P1'!I13, ""Pesquisa|pesquisa""), 1,0)"),1.0) -> 1 | V13: =IFERROR(__xludf.DUMMYFUNCTION("IF(REGEXMATCH('P1'!I13, ""Extensão|extensão""), 1,0)"),1.0) -> 1 | W13: =IF('P1'!J13="Sim", 1,IF('P1'!J13="Não",0,2)) -> 2 | X13: =IF('P1'!K13="Sim", 1,IF('P1'!K13="Não",0,2)) -> 2 | Y13: =IF('P1'!L13="Sim", 1,IF('P1'!L13="Não",0,2)) -> 2 | Z13: =IF('P1'!M13="Sim", 1,IF('P1'!M13="Não",0,2)) -> 2 | AA13: 1 | AB13: 997 | AC13: 33 | AD13: 3304557 | AE13: 12 | AF13: 107716 | AG13: 107717
A14: 10 | B14: 586 | C14: 11 | D14: =('P1'!A14) -> NOME | E14: =('P1'!B14) -> COD_LAB_13 | F14: 1 | G14: =('P1'!C14) -> DESCRIÇÃO | H14: =('P1'!D14) -> palavra-chave 1, palavra-chave 2, palavra-chave 3 | I14: =IF('P1'!E14="Sim", 1, 0) -> 0 | J14: =IF(OR('P1'!F14="Ciências Exatas e da Terra", 'P1'!G14="Ciências Exatas e da Terra"), 1, 0) -> 0 | K14: =IF(OR('P1'!F14="Ciências Biológicas", 'P1'!G14="Ciências Biológicas"), 1, 0) -> 0 | L14: =IF(OR('P1'!F14="Engenharias", 'P1'!G14="Engenharias"), 1, 0) -> 0 | M14: =IF(OR('P1'!F14="Ciências da Saúde", 'P1'!G14="Ciências da Saúde"), 1, 0) -> 0 | N14: =IF(OR('P1'!F14="Ciências Agrárias", 'P1'!G14="Ciências Agrárias"), 1, 0) -> 0 | O14: =IF(OR('P1'!F14="Ciências Socias Aplicadas", 'P1'!G14="Ciências Socias Aplicadas"), 1, 0) -> 0 | P14: =IF(OR('P1'!F14="Ciências Humanas", 'P1'!G14="Ciências Humanas"), 1, 0) -> 1 | Q14: =IF(OR(OR('P1'!F14="Linguística", 'P1'!G14="Linguística"),'P1'!F14="Letras e Artes", 'P1'!G14="Letras e Artes"), 1, 0) -> 1 | R14: =IF('P1'!N14="Sim", 1, 0) -> 0 | S14: =IF('P1'!H14="Sim", 1, 0) -> 1 | T14: =IFERROR(__xludf.DUMMYFUNCTION("IF(REGEXMATCH('P1'!I14, ""Ensino""), 1,0)"),1.0) -> 1 | U14: =IFERROR(__xludf.DUMMYFUNCTION("IF(REGEXMATCH('P1'!I14, ""Pesquisa|pesquisa""), 1,0)"),1.0) -> 1 | V14: =IFERROR(__xludf.DUMMYFUNCTION("IF(REGEXMATCH('P1'!I14, ""Extensão|extensão""), 1,0)"),1.0) -> 1 | W14: =IF('P1'!J14="Sim", 1,IF('P1'!J14="Não",0,2)) -> 2 | X14: =IF('P1'!K14="Sim", 1,IF('P1'!K14="Não",0,2)) -> 2 | Y14: =IF('P1'!L14="Sim", 1,IF('P1'!L14="Não",0,2)) -> 2 | Z14: =IF('P1'!M14="Sim", 1,IF('P1'!M14="Não",0,2)) -> 2 | AA14: 1 | AB14: 997 | AC14: 33 | AD14: 3304557 | AE14: 12 | AF14: 107716 | AG14: 107717
A15: 10 | B15: 586 | C15: 11 | D15: =('P1'!A15) -> NOME | E15: =('P1'!B15) -> COD_LAB_14 | F15: 1 | G15: =('P1'!C15) -> DESCRIÇÃO | H15: =('P1'!D15) -> palavra-chave 1, palavra-chave 2, palavra-chave 3 | I15: =IF('P1'!E15="Sim", 1, 0) -> 0 | J15: =IF(OR('P1'!F15="Ciências Exatas e da Terra", 'P1'!G15="Ciências Exatas e da Terra"), 1, 0) -> 0 | K15: =IF(OR('P1'!F15="Ciências Biológicas", 'P1'!G15="Ciências Biológicas"), 1, 0) -> 0 | L15: =IF(OR('P1'!F15="Engenharias", 'P1'!G15="Engenharias"), 1, 0) -> 0 | M15: =IF(OR('P1'!F15="Ciências da Saúde", 'P1'!G15="Ciências da Saúde"), 1, 0) -> 0 | N15: =IF(OR('P1'!F15="Ciências Agrárias", 'P1'!G15="Ciências Agrárias"), 1, 0) -> 0 | O15: =IF(OR('P1'!F15="Ciências Socias Aplicadas", 'P1'!G15="Ciências Socias Aplicadas"), 1, 0) -> 0 | P15: =IF(OR('P1'!F15="Ciências Humanas", 'P1'!G15="Ciências Humanas"), 1, 0) -> 1 | Q15: =IF(OR(OR('P1'!F15="Linguística", 'P1'!G15="Linguística"),'P1'!F15="Letras e Artes", 'P1'!G15="Letras e Artes"), 1, 0) -> 0 | R15: =IF('P1'!N15="Sim", 1, 0) -> 0 | S15: =IF('P1'!H15="Sim", 1, 0) -> 1 | T15: =IFERROR(__xludf.DUMMYFUNCTION("IF(REGEXMATCH('P1'!I15, ""Ensino""), 1,0)"),1.0) -> 1 | U15: =IFERROR(__xludf.DUMMYFUNCTION("IF(REGEXMATCH('P1'!I15, ""Pesquisa|pesquisa""), 1,0)"),1.0) -> 1 | V15: =IFERROR(__xludf.DUMMYFUNCTION("IF(REGEXMATCH('P1'!I15, ""Extensão|extensão""), 1,0)"),1.0) -> 1 | W15: =IF('P1'!J15="Sim", 1,IF('P1'!J15="Não",0,2)) -> 2 | X15: =IF('P1'!K15="Sim", 1,IF('P1'!K15="Não",0,2)) -> 2 | Y15: =IF('P1'!L15="Sim", 1,IF('P1'!L15="Não",0,2)) -> 2 | Z15: =IF('P1'!M15="Sim", 1,IF('P1'!M15="Não",0,2)) -> 2 | AA15: 1 | AB15: 997 | AC15: 33 | AD15: 3304557 | AE15: 12 | AF15: 107716 | AG15: 107717
A16: 10 | B16: 586 | C16: 11 | D16: =('P1'!A16) -> NOME | E16: =('P1'!B16) -> COD_LAB_15 | F16: 1 | G16: =('P1'!C16) -> DESCRIÇÃO | H16: =('P1'!D16) -> palavra-chave 1, palavra-chave 2, palavra-chave 3 | I16: =IF('P1'!E16="Sim", 1, 0) -> 0 | J16: =IF(OR('P1'!F16="Ciências Exatas e da Terra", 'P1'!G16="Ciências Exatas e da Terra"), 1, 0) -> 0 | K16: =IF(OR('P1'!F16="Ciências Biológicas", 'P1'!G16="Ciências Biológicas"), 1, 0) -> 0 | L16: =IF(OR('P1'!F16="Engenharias", 'P1'!G16="Engenharias"), 1, 0) -> 0 | M16: =IF(OR('P1'!F16="Ciências da Saúde", 'P1'!G16="Ciências da Saúde"), 1, 0) -> 0 | N16: =IF(OR('P1'!F16="Ciências Agrárias", 'P1'!G16="Ciências Agrárias"), 1, 0) -> 0 | O16: =IF(OR('P1'!F16="Ciências Socias Aplicadas", 'P1'!G16="Ciências Socias Aplicadas"), 1, 0) -> 0 | P16: =IF(OR('P1'!F16="Ciências Humanas", 'P1'!G16="Ciências Humanas"), 1, 0) -> 1 | Q16: =IF(OR(OR('P1'!F16="Linguística", 'P1'!G16="Linguística"),'P1'!F16="Letras e Artes", 'P1'!G16="Letras e Artes"), 1, 0) -> 1 | R16: =IF('P1'!N16="Sim", 1, 0) -> 0 | S16: =IF('P1'!H16="Sim", 1, 0) -> 1 | T16: =IFERROR(__xludf.DUMMYFUNCTION("IF(REGEXMATCH('P1'!I16, ""Ensino""), 1,0)"),1.0) -> 1 | U16: =IFERROR(__xludf.DUMMYFUNCTION("IF(REGEXMATCH('P1'!I16, ""Pesquisa|pesquisa""), 1,0)"),1.0) -> 1 | V16: =IFERROR(__xludf.DUMMYFUNCTION("IF(REGEXMATCH('P1'!I16, ""Extensão|extensão""), 1,0)"),1.0) -> 1 | W16: =IF('P1'!J16="Sim", 1,IF('P1'!J16="Não",0,2)) -> 2 | X16: =IF('P1'!K16="Sim", 1,IF('P1'!K16="Não",0,2)) -> 2 | Y16: =IF('P1'!L16="Sim", 1,IF('P1'!L16="Não",0,2)) -> 2 | Z16: =IF('P1'!M16="Sim", 1,IF('P1'!M16="Não",0,2)) -> 2 | AA16: 1 | AB16: 997 | AC16: 33 | AD16: 3304557 | AE16: 12 | AF16: 107716 | AG16: 107717
A17: 10 | B17: 586 | C17: 11 | D17: =('P1'!A17) -> NOME | E17: =('P1'!B17) -> COD_LAB_16 | F17: 1 | G17: =('P1'!C17) -> DESCRIÇÃO | H17: =('P1'!D17) -> palavra-chave 1, palavra-chave 2, palavra-chave 3 | I17: =IF('P1'!E17="Sim", 1, 0) -> 0 | J17: =IF(OR('P1'!F17="Ciências Exatas e da Terra", 'P1'!G17="Ciências Exatas e da Terra"), 1, 0) -> 0 | K17: =IF(OR('P1'!F17="Ciências Biológicas", 'P1'!G17="Ciências Biológicas"), 1, 0) -> 0 | L17: =IF(OR('P1'!F17="Engenharias", 'P1'!G17="Engenharias"), 1, 0) -> 0 | M17: =IF(OR('P1'!F17="Ciências da Saúde", 'P1'!G17="Ciências da Saúde"), 1, 0) -> 0 | N17: =IF(OR('P1'!F17="Ciências Agrárias", 'P1'!G17="Ciências Agrárias"), 1, 0) -> 0 | O17: =IF(OR('P1'!F17="Ciências Socias Aplicadas", 'P1'!G17="Ciências Socias Aplicadas"), 1, 0) -> 0 | P17: =IF(OR('P1'!F17="Ciências Humanas", 'P1'!G17="Ciências Humanas"), 1, 0) -> 1 | Q17: =IF(OR(OR('P1'!F17="Linguística", 'P1'!G17="Linguística"),'P1'!F17="Letras e Artes", 'P1'!G17="Letras e Artes"), 1, 0) -> 0 | R17: =IF('P1'!N17="Sim", 1, 0) -> 0 | S17: =IF('P1'!H17="Sim", 1, 0) -> 1 | T17: =IFERROR(__xludf.DUMMYFUNCTION("IF(REGEXMATCH('P1'!I17, ""Ensino""), 1,0)"),1.0) -> 1 | U17: =IFERROR(__xludf.DUMMYFUNCTION("IF(REGEXMATCH('P1'!I17, ""Pesquisa|pesquisa""), 1,0)"),1.0) -> 1 | V17: =IFERROR(__xludf.DUMMYFUNCTION("IF(REGEXMATCH('P1'!I17, ""Extensão|extensão""), 1,0)"),1.0) -> 1 | W17: =IF('P1'!J17="Sim", 1,IF('P1'!J17="Não",0,2)) -> 2 | X17: =IF('P1'!K17="Sim", 1,IF('P1'!K17="Não",0,2)) -> 2 | Y17: =IF('P1'!L17="Sim", 1,IF('P1'!L17="Não",0,2)) -> 2 | Z17: =IF('P1'!M17="Sim", 1,IF('P1'!M17="Não",0,2)) -> 2 | AA17: 1 | AB17: 997 | AC17: 33 | AD17: 3304557 | AE17: 12 | AF17: 107716 | AG17: 107717
A18: 10 | B18: 586 | C18: 11 | D18: =('P1'!A18) -> NOME | E18: =('P1'!B18) -> COD_LAB_17 | F18: 1 | G18: =('P1'!C18) -> DESCRIÇÃO | H18: =('P1'!D18) -> palavra-chave 1, palavra-chave 2, palavra-chave 3 | I18: =IF('P1'!E18="Sim", 1, 0) -> 0 | J18: =IF(OR('P1'!F18="Ciências Exatas e da Terra", 'P1'!G18="Ciências Exatas e da Terra"), 1, 0) -> 0 | K18: =IF(OR('P1'!F18="Ciências Biológicas", 'P1'!G18="Ciências Biológicas"), 1, 0) -> 0 | L18: =IF(OR('P1'!F18="Engenharias", 'P1'!G18="Engenharias"), 1, 0) -> 0 | M18: =IF(OR('P1'!F18="Ciências da Saúde", 'P1'!G18="Ciências da Saúde"), 1, 0) -> 0 | N18: =IF(OR('P1'!F18="Ciências Agrárias", 'P1'!G18="Ciências Agrárias"), 1, 0) -> 0 | O18: =IF(OR('P1'!F18="Ciências Socias Aplicadas", 'P1'!G18="Ciências Socias Aplicadas"), 1, 0) -> 0 | P18: =IF(OR('P1'!F18="Ciências Humanas", 'P1'!G18="Ciências Humanas"), 1, 0) -> 1 | Q18: =IF(OR(OR('P1'!F18="Linguística", 'P1'!G18="Linguística"),'P1'!F18="Letras e Artes", 'P1'!G18="Letras e Artes"), 1, 0) -> 0 | R18: =IF('P1'!N18="Sim", 1, 0) -> 0 | S18: =IF('P1'!H18="Sim", 1, 0) -> 1 | T18: =IFERROR(__xludf.DUMMYFUNCTION("IF(REGEXMATCH('P1'!I18, ""Ensino""), 1,0)"),1.0) -> 1 | U18: =IFERROR(__xludf.DUMMYFUNCTION("IF(REGEXMATCH('P1'!I18, ""Pesquisa|pesquisa""), 1,0)"),1.0) -> 1 | V18: =IFERROR(__xludf.DUMMYFUNCTION("IF(REGEXMATCH('P1'!I18, ""Extensão|extensão""), 1,0)"),1.0) -> 1 | W18: =IF('P1'!J18="Sim", 1,IF('P1'!J18="Não",0,2)) -> 2 | X18: =IF('P1'!K18="Sim", 1,IF('P1'!K18="Não",0,2)) -> 2 | Y18: =IF('P1'!L18="Sim", 1,IF('P1'!L18="Não",0,2)) -> 2 | Z18: =IF('P1'!M18="Sim", 1,IF('P1'!M18="Não",0,2)) -> 2 | AA18: 1 | AB18: 997 | AC18: 33 | AD18: 3304557 | AE18: 12 | AF18: 107716 | AG18: 107717
A19: 10 | B19: 586 | C19: 11 | D19: =('P1'!A19) -> NOME | E19: =('P1'!B19) -> COD_LAB_18 | F19: 1 | G19: =('P1'!C19) -> DESCRIÇÃO | H19: =('P1'!D19) -> palavra-chave 1, palavra-chave 2, palavra-chave 3 | I19: =IF('P1'!E19="Sim", 1, 0) -> 0 | J19: =IF(OR('P1'!F19="Ciências Exatas e da Terra", 'P1'!G19="Ciências Exatas e da Terra"), 1, 0) -> 0 | K19: =IF(OR('P1'!F19="Ciências Biológicas", 'P1'!G19="Ciências Biológicas"), 1, 0) -> 0 | L19: =IF(OR('P1'!F19="Engenharias", 'P1'!G19="Engenharias"), 1, 0) -> 0 | M19: =IF(OR('P1'!F19="Ciências da Saúde", 'P1'!G19="Ciências da Saúde"), 1, 0) -> 0 | N19: =IF(OR('P1'!F19="Ciências Agrárias", 'P1'!G19="Ciências Agrárias"), 1, 0) -> 0 | O19: =IF(OR('P1'!F19="Ciências Socias Aplicadas", 'P1'!G19="Ciências Socias Aplicadas"), 1, 0) -> 1 | P19: =IF(OR('P1'!F19="Ciências Humanas", 'P1'!G19="Ciências Humanas"), 1, 0) -> 1 | Q19: =IF(OR(OR('P1'!F19="Linguística", 'P1'!G19="Linguística"),'P1'!F19="Letras e Artes", 'P1'!G19="Letras e Artes"), 1, 0) -> 0 | R19: =IF('P1'!N19="Sim", 1, 0) -> 0 | S19: =IF('P1'!H19="Sim", 1, 0) -> 1 | T19: =IFERROR(__xludf.DUMMYFUNCTION("IF(REGEXMATCH('P1'!I19, ""Ensino""), 1,0)"),1.0) -> 1 | U19: =IFERROR(__xludf.DUMMYFUNCTION("IF(REGEXMATCH('P1'!I19, ""Pesquisa|pesquisa""), 1,0)"),1.0) -> 1 | V19: =IFERROR(__xludf.DUMMYFUNCTION("IF(REGEXMATCH('P1'!I19, ""Extensão|extensão""), 1,0)"),1.0) -> 1 | W19: =IF('P1'!J19="Sim", 1,IF('P1'!J19="Não",0,2)) -> 2 | X19: =IF('P1'!K19="Sim", 1,IF('P1'!K19="Não",0,2)) -> 2 | Y19: =IF('P1'!L19="Sim", 1,IF('P1'!L19="Não",0,2)) -> 2 | Z19: =IF('P1'!M19="Sim", 1,IF('P1'!M19="Não",0,2)) -> 2 | AA19: 1 | AB19: 997 | AC19: 33 | AD19: 3304557 | AE19: 12 | AF19: 107716 | AG19: 107717
A20: 10 | B20: 586 | C20: 11 | D20: =('P1'!A20) -> NOME | E20: =('P1'!B20) -> COD_LAB_19 | F20: 1 | G20: =('P1'!C20) -> DESCRIÇÃO | H20: =('P1'!D20) -> palavra-chave 1, palavra-chave 2, palavra-chave 3 | I20: =IF('P1'!E20="Sim", 1, 0) -> 0 | J20: =IF(OR('P1'!F20="Ciências Exatas e da Terra", 'P1'!G20="Ciências Exatas e da Terra"), 1, 0) -> 0 | K20: =IF(OR('P1'!F20="Ciências Biológicas", 'P1'!G20="Ciências Biológicas"), 1, 0) -> 0 | L20: =IF(OR('P1'!F20="Engenharias", 'P1'!G20="Engenharias"), 1, 0) -> 0 | M20: =IF(OR('P1'!F20="Ciências da Saúde", 'P1'!G20="Ciências da Saúde"), 1, 0) -> 0 | N20: =IF(OR('P1'!F20="Ciências Agrárias", 'P1'!G20="Ciências Agrárias"), 1, 0) -> 0 | O20: =IF(OR('P1'!F20="Ciências Socias Aplicadas", 'P1'!G20="Ciências Socias Aplicadas"), 1, 0) -> 1 | P20: =IF(OR('P1'!F20="Ciências Humanas", 'P1'!G20="Ciências Humanas"), 1, 0) -> 1 | Q20: =IF(OR(OR('P1'!F20="Linguística", 'P1'!G20="Linguística"),'P1'!F20="Letras e Artes", 'P1'!G20="Letras e Artes"), 1, 0) -> 0 | R20: =IF('P1'!N20="Sim", 1, 0) -> 0 | S20: =IF('P1'!H20="Sim", 1, 0) -> 1 | T20: =IFERROR(__xludf.DUMMYFUNCTION("IF(REGEXMATCH('P1'!I20, ""Ensino""), 1,0)"),1.0) -> 1 | U20: =IFERROR(__xludf.DUMMYFUNCTION("IF(REGEXMATCH('P1'!I20, ""Pesquisa|pesquisa""), 1,0)"),1.0) -> 1 | V20: =IFERROR(__xludf.DUMMYFUNCTION("IF(REGEXMATCH('P1'!I20, ""Extensão|extensão""), 1,0)"),1.0) -> 1 | W20: =IF('P1'!J20="Sim", 1,IF('P1'!J20="Não",0,2)) -> 2 | X20: =IF('P1'!K20="Sim", 1,IF('P1'!K20="Não",0,2)) -> 2 | Y20: =IF('P1'!L20="Sim", 1,IF('P1'!L20="Não",0,2)) -> 2 | Z20: =IF('P1'!M20="Sim", 1,IF('P1'!M20="Não",0,2)) -> 2 | AA20: 1 | AB20: 997 | AC20: 33 | AD20: 3304557 | AE20: 12 | AF20: 107716 | AG20: 107717
A21: 10 | B21: 586 | C21: 11 | D21: =('P1'!A21) -> NOME | E21: =('P1'!B21) -> COD_LAB_20 | F21: 1 | G21: =('P1'!C21) -> DESCRIÇÃO | H21: =('P1'!D21) -> palavra-chave 1, palavra-chave 2, palavra-chave 3 | I21: =IF('P1'!E21="Sim", 1, 0) -> 0 | J21: =IF(OR('P1'!F21="Ciências Exatas e da Terra", 'P1'!G21="Ciências Exatas e da Terra"), 1, 0) -> 0 | K21: =IF(OR('P1'!F21="Ciências Biológicas", 'P1'!G21="Ciências Biológicas"), 1, 0) -> 0 | L21: =IF(OR('P1'!F21="Engenharias", 'P1'!G21="Engenharias"), 1, 0) -> 0 | M21: =IF(OR('P1'!F21="Ciências da Saúde", 'P1'!G21="Ciências da Saúde"), 1, 0) -> 0 | N21: =IF(OR('P1'!F21="Ciências Agrárias", 'P1'!G21="Ciências Agrárias"), 1, 0) -> 0 | O21: =IF(OR('P1'!F21="Ciências Socias Aplicadas", 'P1'!G21="Ciências Socias Aplicadas"), 1, 0) -> 0 | P21: =IF(OR('P1'!F21="Ciências Humanas", 'P1'!G21="Ciências Humanas"), 1, 0) -> 1 | Q21: =IF(OR(OR('P1'!F21="Linguística", 'P1'!G21="Linguística"),'P1'!F21="Letras e Artes", 'P1'!G21="Letras e Artes"), 1, 0) -> 0 | R21: =IF('P1'!N21="Sim", 1, 0) -> 0 | S21: =IF('P1'!H21="Sim", 1, 0) -> 1 | T21: =IFERROR(__xludf.DUMMYFUNCTION("IF(REGEXMATCH('P1'!I21, ""Ensino""), 1,0)"),1.0) -> 1 | U21: =IFERROR(__xludf.DUMMYFUNCTION("IF(REGEXMATCH('P1'!I21, ""Pesquisa|pesquisa""), 1,0)"),1.0) -> 1 | V21: =IFERROR(__xludf.DUMMYFUNCTION("IF(REGEXMATCH('P1'!I21, ""Extensão|extensão""), 1,0)"),1.0) -> 1 | W21: =IF('P1'!J21="Sim", 1,IF('P1'!J21="Não",0,2)) -> 2 | X21: =IF('P1'!K21="Sim", 1,IF('P1'!K21="Não",0,2)) -> 2 | Y21: =IF('P1'!L21="Sim", 1,IF('P1'!L21="Não",0,2)) -> 2 | Z21: =IF('P1'!M21="Sim", 1,IF('P1'!M21="Não",0,2)) -> 2 | AA21: 1 | AB21: 997 | AC21: 33 | AD21: 3304557 | AE21: 12 | AF21: 107716 | AG21: 107717
A22: 10 | B22: 586 | C22: 11 | D22: =('P1'!A22) -> NOME | E22: =('P1'!B22) -> COD_LAB_21 | F22: 1 | G22: =('P1'!C22) -> DESCRIÇÃO | H22: =('P1'!D22) -> palavra-chave 1, palavra-chave 2, palavra-chave 3 | I22: =IF('P1'!E22="Sim", 1, 0) -> 0 | J22: =IF(OR('P1'!F22="Ciências Exatas e da Terra", 'P1'!G22="Ciências Exatas e da Terra"), 1, 0) -> 0 | K22: =IF(OR('P1'!F22="Ciências Biológicas", 'P1'!G22="Ciências Biológicas"), 1, 0) -> 0 | L22: =IF(OR('P1'!F22="Engenharias", 'P1'!G22="Engenharias"), 1, 0) -> 0 | M22: =IF(OR('P1'!F22="Ciências da Saúde", 'P1'!G22="Ciências da Saúde"), 1, 0) -> 0 | N22: =IF(OR('P1'!F22="Ciências Agrárias", 'P1'!G22="Ciências Agrárias"), 1, 0) -> 0 | O22: =IF(OR('P1'!F22="Ciências Socias Aplicadas", 'P1'!G22="Ciências Socias Aplicadas"), 1, 0) -> 0 | P22: =IF(OR('P1'!F22="Ciências Humanas", 'P1'!G22="Ciências Humanas"), 1, 0) -> 1 | Q22: =IF(OR(OR('P1'!F22="Linguística", 'P1'!G22="Linguística"),'P1'!F22="Letras e Artes", 'P1'!G22="Letras e Artes"), 1, 0) -> 0 | R22: =IF('P1'!N22="Sim", 1, 0) -> 0 | S22: =IF('P1'!H22="Sim", 1, 0) -> 1 | T22: =IFERROR(__xludf.DUMMYFUNCTION("IF(REGEXMATCH('P1'!I22, ""Ensino""), 1,0)"),1.0) -> 1 | U22: =IFERROR(__xludf.DUMMYFUNCTION("IF(REGEXMATCH('P1'!I22, ""Pesquisa|pesquisa""), 1,0)"),1.0) -> 1 | V22: =IFERROR(__xludf.DUMMYFUNCTION("IF(REGEXMATCH('P1'!I22, ""Extensão|extensão""), 1,0)"),1.0) -> 1 | W22: =IF('P1'!J22="Sim", 1,IF('P1'!J22="Não",0,2)) -> 2 | X22: =IF('P1'!K22="Sim", 1,IF('P1'!K22="Não",0,2)) -> 2 | Y22: =IF('P1'!L22="Sim", 1,IF('P1'!L22="Não",0,2)) -> 2 | Z22: =IF('P1'!M22="Sim", 1,IF('P1'!M22="Não",0,2)) -> 2 | AA22: 1 | AB22: 997 | AC22: 33 | AD22: 3304557 | AE22: 12 | AF22: 107716 | AG22: 107717
A23: 10 | B23: 586 | C23: 11 | D23: =('P1'!A23) -> NOME | E23: =('P1'!B23) -> COD_LAB_22 | F23: 1 | G23: =('P1'!C23) -> DESCRIÇÃO | H23: =('P1'!D23) -> palavra-chave 1, palavra-chave 2, palavra-chave 3 | I23: =IF('P1'!E23="Sim", 1, 0) -> 0 | J23: =IF(OR('P1'!F23="Ciências Exatas e da Terra", 'P1'!G23="Ciências Exatas e da Terra"), 1, 0) -> 0 | K23: =IF(OR('P1'!F23="Ciências Biológicas", 'P1'!G23="Ciências Biológicas"), 1, 0) -> 0 | L23: =IF(OR('P1'!F23="Engenharias", 'P1'!G23="Engenharias"), 1, 0) -> 0 | M23: =IF(OR('P1'!F23="Ciências da Saúde", 'P1'!G23="Ciências da Saúde"), 1, 0) -> 0 | N23: =IF(OR('P1'!F23="Ciências Agrárias", 'P1'!G23="Ciências Agrárias"), 1, 0) -> 0 | O23: =IF(OR('P1'!F23="Ciências Socias Aplicadas", 'P1'!G23="Ciências Socias Aplicadas"), 1, 0) -> 0 | P23: =IF(OR('P1'!F23="Ciências Humanas", 'P1'!G23="Ciências Humanas"), 1, 0) -> 1 | Q23: =IF(OR(OR('P1'!F23="Linguística", 'P1'!G23="Linguística"),'P1'!F23="Letras e Artes", 'P1'!G23="Letras e Artes"), 1, 0) -> 1 | R23: =IF('P1'!N23="Sim", 1, 0) -> 0 | S23: =IF('P1'!H23="Sim", 1, 0) -> 1 | T23: =IFERROR(__xludf.DUMMYFUNCTION("IF(REGEXMATCH('P1'!I23, ""Ensino""), 1,0)"),1.0) -> 1 | U23: =IFERROR(__xludf.DUMMYFUNCTION("IF(REGEXMATCH('P1'!I23, ""Pesquisa|pesquisa""), 1,0)"),1.0) -> 1 | V23: =IFERROR(__xludf.DUMMYFUNCTION("IF(REGEXMATCH('P1'!I23, ""Extensão|extensão""), 1,0)"),1.0) -> 1 | W23: =IF('P1'!J23="Sim", 1,IF('P1'!J23="Não",0,2)) -> 0 | X23: =IF('P1'!K23="Sim", 1,IF('P1'!K23="Não",0,2)) -> 2 | Y23: =IF('P1'!L23="Sim", 1,IF('P1'!L23="Não",0,2)) -> 0 | Z23: =IF('P1'!M23="Sim", 1,IF('P1'!M23="Não",0,2)) -> 2 | AA23: 1 | AB23: 997 | AC23: 33 | AD23: 3304557 | AE23: 12 | AF23: 107716 | AG23: 107717
A24: 10 | B24: 586 | C24: 11 | D24: =('P1'!A24) -> NOME | E24: =('P1'!B24) -> COD_LAB_23 | F24: 1 | G24: =('P1'!C24) -> DESCRIÇÃO | H24: =('P1'!D24) -> palavra-chave 1, palavra-chave 2, palavra-chave 3 | I24: =IF('P1'!E24="Sim", 1, 0) -> 0 | J24: =IF(OR('P1'!F24="Ciências Exatas e da Terra", 'P1'!G24="Ciências Exatas e da Terra"), 1, 0) -> 0 | K24: =IF(OR('P1'!F24="Ciências Biológicas", 'P1'!G24="Ciências Biológicas"), 1, 0) -> 0 | L24: =IF(OR('P1'!F24="Engenharias", 'P1'!G24="Engenharias"), 1, 0) -> 0 | M24: =IF(OR('P1'!F24="Ciências da Saúde", 'P1'!G24="Ciências da Saúde"), 1, 0) -> 0 | N24: =IF(OR('P1'!F24="Ciências Agrárias", 'P1'!G24="Ciências Agrárias"), 1, 0) -> 0 | O24: =IF(OR('P1'!F24="Ciências Socias Aplicadas", 'P1'!G24="Ciências Socias Aplicadas"), 1, 0) -> 0 | P24: =IF(OR('P1'!F24="Ciências Humanas", 'P1'!G24="Ciências Humanas"), 1, 0) -> 1 | Q24: =IF(OR(OR('P1'!F24="Linguística", 'P1'!G24="Linguística"),'P1'!F24="Letras e Artes", 'P1'!G24="Letras e Artes"), 1, 0) -> 1 | R24: =IF('P1'!N24="Sim", 1, 0) -> 0 | S24: =IF('P1'!H24="Sim", 1, 0) -> 1 | T24: =IFERROR(__xludf.DUMMYFUNCTION("IF(REGEXMATCH('P1'!I24, ""Ensino""), 1,0)"),1.0) -> 1 | U24: =IFERROR(__xludf.DUMMYFUNCTION("IF(REGEXMATCH('P1'!I24, ""Pesquisa|pesquisa""), 1,0)"),1.0) -> 1 | V24: =IFERROR(__xludf.DUMMYFUNCTION("IF(REGEXMATCH('P1'!I24, ""Extensão|extensão""), 1,0)"),1.0) -> 1 | W24: =IF('P1'!J24="Sim", 1,IF('P1'!J24="Não",0,2)) -> 2 | X24: =IF('P1'!K24="Sim", 1,IF('P1'!K24="Não",0,2)) -> 2 | Y24: =IF('P1'!L24="Sim", 1,IF('P1'!L24="Não",0,2)) -> 2 | Z24: =IF('P1'!M24="Sim", 1,IF('P1'!M24="Não",0,2)) -> 2 | AA24: 1 | AB24: 997 | AC24: 33 | AD24: 3304557 | AE24: 12 | AF24: 107716 | AG24: 107717
A25: 10 | B25: 586 | C25: 11 | D25: =('P1'!A25) -> NOME | E25: =('P1'!B25) -> COD_LAB_24 | F25: 1 | G25: =('P1'!C25) -> DESCRIÇÃO | H25: =('P1'!D25) -> palavra-chave 1, palavra-chave 2, palavra-chave 3 | I25: =IF('P1'!E25="Sim", 1, 0) -> 0 | J25: =IF(OR('P1'!F25="Ciências Exatas e da Terra", 'P1'!G25="Ciências Exatas e da Terra"), 1, 0) -> 0 | K25: =IF(OR('P1'!F25="Ciências Biológicas", 'P1'!G25="Ciências Biológicas"), 1, 0) -> 0 | L25: =IF(OR('P1'!F25="Engenharias", 'P1'!G25="Engenharias"), 1, 0) -> 0 | M25: =IF(OR('P1'!F25="Ciências da Saúde", 'P1'!G25="Ciências da Saúde"), 1, 0) -> 0 | N25: =IF(OR('P1'!F25="Ciências Agrárias", 'P1'!G25="Ciências Agrárias"), 1, 0) -> 0 | O25: =IF(OR('P1'!F25="Ciências Socias Aplicadas", 'P1'!G25="Ciências Socias Aplicadas"), 1, 0) -> 1 | P25: =IF(OR('P1'!F25="Ciências Humanas", 'P1'!G25="Ciências Humanas"), 1, 0) -> 1 | Q25: =IF(OR(OR('P1'!F25="Linguística", 'P1'!G25="Linguística"),'P1'!F25="Letras e Artes", 'P1'!G25="Letras e Artes"), 1, 0) -> 0 | R25: =IF('P1'!N25="Sim", 1, 0) -> 0 | S25: =IF('P1'!H25="Sim", 1, 0) -> 1 | T25: =IFERROR(__xludf.DUMMYFUNCTION("IF(REGEXMATCH('P1'!I25, ""Ensino""), 1,0)"),1.0) -> 1 | U25: =IFERROR(__xludf.DUMMYFUNCTION("IF(REGEXMATCH('P1'!I25, ""Pesquisa|pesquisa""), 1,0)"),1.0) -> 1 | V25: =IFERROR(__xludf.DUMMYFUNCTION("IF(REGEXMATCH('P1'!I25, ""Extensão|extensão""), 1,0)"),1.0) -> 1 | W25: =IF('P1'!J25="Sim", 1,IF('P1'!J25="Não",0,2)) -> 0 | X25: =IF('P1'!K25="Sim", 1,IF('P1'!K25="Não",0,2)) -> 0 | Y25: =IF('P1'!L25="Sim", 1,IF('P1'!L25="Não",0,2)) -> 0 | Z25: =IF('P1'!M25="Sim", 1,IF('P1'!M25="Não",0,2)) -> 2 | AA25: 1 | AB25: 997 | AC25: 33 | AD25: 3304557 | AE25: 12 | AF25: 107716 | AG25: 107717
A26: 10 | B26: 586 | C26: 11 | D26: =('P1'!A26) -> NOME | E26: =('P1'!B26) -> COD_LAB_25 | F26: 1 | G26: =('P1'!C26) -> DESCRIÇÃO | H26: =('P1'!D26) -> palavra-chave 1, palavra-chave 2, palavra-chave 3 | I26: =IF('P1'!E26="Sim", 1, 0) -> 0 | J26: =IF(OR('P1'!F26="Ciências Exatas e da Terra", 'P1'!G26="Ciências Exatas e da Terra"), 1, 0) -> 0 | K26: =IF(OR('P1'!F26="Ciências Biológicas", 'P1'!G26="Ciências Biológicas"), 1, 0) -> 0 | L26: =IF(OR('P1'!F26="Engenharias", 'P1'!G26="Engenharias"), 1, 0) -> 0 | M26: =IF(OR('P1'!F26="Ciências da Saúde", 'P1'!G26="Ciências da Saúde"), 1, 0) -> 0 | N26: =IF(OR('P1'!F26="Ciências Agrárias", 'P1'!G26="Ciências Agrárias"), 1, 0) -> 0 | O26: =IF(OR('P1'!F26="Ciências Socias Aplicadas", 'P1'!G26="Ciências Socias Aplicadas"), 1, 0) -> 0 | P26: =IF(OR('P1'!F26="Ciências Humanas", 'P1'!G26="Ciências Humanas"), 1, 0) -> 1 | Q26: =IF(OR(OR('P1'!F26="Linguística", 'P1'!G26="Linguística"),'P1'!F26="Letras e Artes", 'P1'!G26="Letras e Artes"), 1, 0) -> 0 | R26: =IF('P1'!N26="Sim", 1, 0) -> 0 | S26: =IF('P1'!H26="Sim", 1, 0) -> 1 | T26: =IFERROR(__xludf.DUMMYFUNCTION("IF(REGEXMATCH('P1'!I26, ""Ensino""), 1,0)"),1.0) -> 1 | U26: =IFERROR(__xludf.DUMMYFUNCTION("IF(REGEXMATCH('P1'!I26, ""Pesquisa|pesquisa""), 1,0)"),1.0) -> 1 | V26: =IFERROR(__xludf.DUMMYFUNCTION("IF(REGEXMATCH('P1'!I26, ""Extensão|extensão""), 1,0)"),1.0) -> 1 | W26: =IF('P1'!J26="Sim", 1,IF('P1'!J26="Não",0,2)) -> 0 | X26: =IF('P1'!K26="Sim", 1,IF('P1'!K26="Não",0,2)) -> 0 | Y26: =IF('P1'!L26="Sim", 1,IF('P1'!L26="Não",0,2)) -> 0 | Z26: =IF('P1'!M26="Sim", 1,IF('P1'!M26="Não",0,2)) -> 0 | AA26: 1 | AB26: 997 | AC26: 33 | AD26: 3304557 | AE26: 12 | AF26: 107716 | AG26: 107717
A27: 10 | B27: 586 | C27: 11 | D27: =('P1'!A27) -> NOME | E27: =('P1'!B27) -> COD_LAB_26 | F27: 1 | G27: =('P1'!C27) -> DESCRIÇÃO | H27: =('P1'!D27) -> palavra-chave 1, palavra-chave 2, palavra-chave 3 | I27: =IF('P1'!E27="Sim", 1, 0) -> 0 | J27: =IF(OR('P1'!F27="Ciências Exatas e da Terra", 'P1'!G27="Ciências Exatas e da Terra"), 1, 0) -> 0 | K27: =IF(OR('P1'!F27="Ciências Biológicas", 'P1'!G27="Ciências Biológicas"), 1, 0) -> 0 | L27: =IF(OR('P1'!F27="Engenharias", 'P1'!G27="Engenharias"), 1, 0) -> 0 | M27: =IF(OR('P1'!F27="Ciências da Saúde", 'P1'!G27="Ciências da Saúde"), 1, 0) -> 0 | N27: =IF(OR('P1'!F27="Ciências Agrárias", 'P1'!G27="Ciências Agrárias"), 1, 0) -> 0 | O27: =IF(OR('P1'!F27="Ciências Socias Aplicadas", 'P1'!G27="Ciências Socias Aplicadas"), 1, 0) -> 0 | P27: =IF(OR('P1'!F27="Ciências Humanas", 'P1'!G27="Ciências Humanas"), 1, 0) -> 1 | Q27: =IF(OR(OR('P1'!F27="Linguística", 'P1'!G27="Linguística"),'P1'!F27="Letras e Artes", 'P1'!G27="Letras e Artes"), 1, 0) -> 0 | R27: =IF('P1'!N27="Sim", 1, 0) -> 0 | S27: =IF('P1'!H27="Sim", 1, 0) -> 1 | T27: =IFERROR(__xludf.DUMMYFUNCTION("IF(REGEXMATCH('P1'!I27, ""Ensino""), 1,0)"),1.0) -> 1 | U27: =IFERROR(__xludf.DUMMYFUNCTION("IF(REGEXMATCH('P1'!I27, ""Pesquisa|pesquisa""), 1,0)"),1.0) -> 1 | V27: =IFERROR(__xludf.DUMMYFUNCTION("IF(REGEXMATCH('P1'!I27, ""Extensão|extensão""), 1,0)"),1.0) -> 1 | W27: =IF('P1'!J27="Sim", 1,IF('P1'!J27="Não",0,2)) -> 0 | X27: =IF('P1'!K27="Sim", 1,IF('P1'!K27="Não",0,2)) -> 0 | Y27: =IF('P1'!L27="Sim", 1,IF('P1'!L27="Não",0,2)) -> 0 | Z27: =IF('P1'!M27="Sim", 1,IF('P1'!M27="Não",0,2)) -> 0 | AA27: 1 | AB27: 997 | AC27: 33 | AD27: 3304557 | AE27: 12 | AF27: 107716 | AG27: 107717
A28: 10 | B28: 586 | C28: 11 | D28: =('P1'!A28) -> NOME | E28: =('P1'!B28) -> COD_LAB_27 | F28: 1 | G28: =('P1'!C28) -> DESCRIÇÃO | H28: =('P1'!D28) -> palavra-chave 1, palavra-chave 2, palavra-chave 3 | I28: =IF('P1'!E28="Sim", 1, 0) -> 0 | J28: =IF(OR('P1'!F28="Ciências Exatas e da Terra", 'P1'!G28="Ciências Exatas e da Terra"), 1, 0) -> 0 | K28: =IF(OR('P1'!F28="Ciências Biológicas", 'P1'!G28="Ciências Biológicas"), 1, 0) -> 0 | L28: =IF(OR('P1'!F28="Engenharias", 'P1'!G28="Engenharias"), 1, 0) -> 0 | M28: =IF(OR('P1'!F28="Ciências da Saúde", 'P1'!G28="Ciências da Saúde"), 1, 0) -> 0 | N28: =IF(OR('P1'!F28="Ciências Agrárias", 'P1'!G28="Ciências Agrárias"), 1, 0) -> 0 | O28: =IF(OR('P1'!F28="Ciências Socias Aplicadas", 'P1'!G28="Ciências Socias Aplicadas"), 1, 0) -> 0 | P28: =IF(OR('P1'!F28="Ciências Humanas", 'P1'!G28="Ciências Humanas"), 1, 0) -> 1 | Q28: =IF(OR(OR('P1'!F28="Linguística", 'P1'!G28="Linguística"),'P1'!F28="Letras e Artes", 'P1'!G28="Letras e Artes"), 1, 0) -> 0 | R28: =IF('P1'!N28="Sim", 1, 0) -> 0 | S28: =IF('P1'!H28="Sim", 1, 0) -> 1 | T28: =IFERROR(__xludf.DUMMYFUNCTION("IF(REGEXMATCH('P1'!I28, ""Ensino""), 1,0)"),1.0) -> 1 | U28: =IFERROR(__xludf.DUMMYFUNCTION("IF(REGEXMATCH('P1'!I28, ""Pesquisa|pesquisa""), 1,0)"),1.0) -> 1 | V28: =IFERROR(__xludf.DUMMYFUNCTION("IF(REGEXMATCH('P1'!I28, ""Extensão|extensão""), 1,0)"),1.0) -> 1 | W28: =IF('P1'!J28="Sim", 1,IF('P1'!J28="Não",0,2)) -> 2 | X28: =IF('P1'!K28="Sim", 1,IF('P1'!K28="Não",0,2)) -> 2 | Y28: =IF('P1'!L28="Sim", 1,IF('P1'!L28="Não",0,2)) -> 2 | Z28: =IF('P1'!M28="Sim", 1,IF('P1'!M28="Não",0,2)) -> 2 | AA28: 1 | AB28: 997 | AC28: 33 | AD28: 3304557 | AE28: 12 | AF28: 107716 | AG28: 107717

Sheet P1
A1: Nome do laboratório | B1: Registro do laboratório | C1: Descrição das atividades do laboratório (Máximo de 2000 caracteres) | D1: Palavras-chave (até 3 palavras) | E1: O laboratório é de informática? | F1: Qual a área de conhecimento do laboratório? (opção 1) | G1: Qual a área de conhecimento do laboratório? (opção 2) | H1: Além dos alunos de graduação, houve outros estudantes que utilizaram o laboratório durante o ano letivo de 2025? | I1: Em 2025, o laboratório foi utilizado para quais finalidades? | J1: Durante o ano letivo de 2025, o laboratório executou plano, procedimento ou protocolo formal de Política de acesso e agendamento? | K1: Durante o ano letivo de 2025, o laboratório executou plano, procedimento ou protocolo formal de Manutenção? | L1: Durante o ano letivo de 2025, o laboratório executou plano, procedimento ou protocolo formal de Gerenciamento de riscos? | M1: Durante o ano letivo de 2025, o laboratório executou plano, procedimento ou protocolo formal de Gerenciamento de resíduos? | N1: O laboratório é itinerante? | O1: Se não for itinerante, em qual município está localizado o laboratório? | P1: Quais cursos de graduação utilizam o laboratório? (Código e-MEC, nome do curso e local de oferta)
A2: NOME | B2: COD_LAB_1 | C2: DESCRIÇÃO | D2: palavra-chave 1, palavra-chave 2, palavra-chave 3 | E2: Não | F2: Ciências Humanas | G2: Ciências Humanas | H2: Sim | I2: Ensino pesquisa e extensão | J2: Não se aplica | K2: Não se aplica | L2: Não se aplica | M2: Não se aplica | N2: Não | O2: Rio de Janeiro | P2: COD_CURSO
A3: NOME | B3: COD_LAB_2 | C3: DESCRIÇÃO | D3: palavra-chave 1, palavra-chave 2, palavra-chave 3 | E3: Não | F3: Ciências Humanas | G3: Ciências Socias Aplicadas | H3: Sim | I3: Ensino pesquisa e extensão | J3: Não se aplica | K3: Não se aplica | L3: Não se aplica | M3: Não se aplica | N3: Não | O3: Rio de Janeiro | P3: COD_CURSO
A4: NOME | B4: COD_LAB_3 | C4: DESCRIÇÃO | D4: palavra-chave 1, palavra-chave 2, palavra-chave 3 | E4: Não | F4: Ciências Humanas | G4: Letras e Artes | H4: Sim | I4: Ensino pesquisa e extensão | J4: Não se aplica | K4: Não se aplica | L4: Não se aplica | M4: Não se aplica | N4: Não | O4: Rio de Janeiro | P4: COD_CURSO
A5: NOME | B5: COD_LAB_4 | C5: DESCRIÇÃO | D5: palavra-chave 1, palavra-chave 2, palavra-chave 3 | E5: Não | F5: Ciências Humanas | G5: Ciências Socias Aplicadas | H5: Sim | I5: Ensino pesquisa e extensão | J5: Não se aplica | K5: Não se aplica | L5: Não se aplica | M5: Não se aplica | N5: Não | O5: Rio de Janeiro | P5: COD_CURSO
A6: NOME | B6: COD_LAB_5 | C6: DESCRIÇÃO | D6: palavra-chave 1, palavra-chave 2, palavra-chave 3 | E6: Não | F6: Ciências Humanas | G6: Ciências Humanas | H6: Sim | I6: Ensino pesquisa e extensão | J6: Não se aplica | K6: Não se aplica | L6: Não se aplica | M6: Não se aplica | N6: Não | O6: Rio de Janeiro | P6: COD_CURSO
A7: NOME | B7: COD_LAB_6 | C7: DESCRIÇÃO | D7: palavra-chave 1, palavra-chave 2, palavra-chave 3 | E7: Não | F7: Ciências Humanas | G7: Letras e Artes | H7: Sim | I7: Ensino pesquisa e extensão | J7: Não se aplica | K7: Não se aplica | L7: Não se aplica | M7: Não se aplica | N7: Não | O7: Rio de Janeiro | P7: COD_CURSO
A8: NOME | B8: COD_LAB_7 | C8: DESCRIÇÃO | D8: palavra-chave 1, palavra-chave 2, palavra-chave 3 | E8: Não | F8: Ciências Humanas | G8: Ciências Socias Aplicadas | H8: Sim | I8: Ensino pesquisa e extensão | J8: Não | K8: Não | L8: Não | M8: Não | N8: Não | O8: Rio de Janeiro | P8: COD_CURSO
A9: NOME | B9: COD_LAB_8 | C9: DESCRIÇÃO | D9: palavra-chave 1, palavra-chave 2, palavra-chave 3 | E9: Não | F9: Ciências Humanas | G9: Ciências Humanas | H9: Sim | I9: Ensino pesquisa e extensão | J9: Não se aplica | K9: Não se aplica | L9: Não se aplica | M9: Não se aplica | N9: Não | O9: Rio de Janeiro | P9: COD_CURSO
A10: NOME | B10: COD_LAB_9 | C10: DESCRIÇÃO | D10: palavra-chave 1, palavra-chave 2, palavra-chave 3 | E10: Não | F10: Ciências Humanas | G10: Letras e Artes | H10: Sim | I10: Ensino pesquisa e extensão | J10: Não se aplica | K10: Sim | L10: Não se aplica | M10: Não se aplica | N10: Não | O10: Rio de Janeiro | P10: COD_CURSO
A11: NOME | B11: COD_LAB_10 | C11: DESCRIÇÃO | D11: palavra-chave 1, palavra-chave 2, palavra-chave 3 | E11: Não | F11: Ciências Humanas | G11: Ciências Socias Aplicadas | H11: Sim | I11: Ensino pesquisa e extensão | J11: Não se aplica | K11: Não se aplica | L11: Não se aplica | M11: Não se aplica | N11: Não | O11: Rio de Janeiro | P11: COD_CURSO
A12: NOME | B12: COD_LAB_11 | C12: DESCRIÇÃO | D12: palavra-chave 1, palavra-chave 2, palavra-chave 3 | E12: Não | F12: Ciências Humanas | G12: Letras e Artes | H12: Sim | I12: Ensino pesquisa e extensão | J12: Não se aplica | K12: Não se aplica | L12: Não se aplica | M12: Não se aplica | N12: Não | O12: Rio de Janeiro | P12: COD_CURSO
... A17: NOME | B17: COD_LAB_16 | C17: DESCRIÇÃO | D17: palavra-chave 1, palavra-chave 2, palavra-chave 3 | E17: Não | F17: Ciências Humanas | G17: Ciências Humanas | H17: Sim | I17: Ensino pesquisa e extensão | J17: Não se aplica | K17: Não se aplica | L17: Não se aplica | M17: Não se aplica | N17: Não | O17: Rio de Janeiro | P17: COD_CURSO
A18: NOME | B18: COD_LAB_17 | C18: DESCRIÇÃO | D18: palavra-chave 1, palavra-chave 2, palavra-chave 3 | E18: Não | F18: Ciências Humanas | H18: Sim | I18: Ensino pesquisa e extensão | J18: Não se aplica | K18: Não se aplica | L18: Não se aplica | M18: Não se aplica | N18: Não | O18: Rio de Janeiro | P18: COD_CURSO
A19: NOME | B19: COD_LAB_18 | C19: DESCRIÇÃO | D19: palavra-chave 1, palavra-chave 2, palavra-chave 3 | E19: Não | F19: Ciências Humanas | G19: Ciências Socias Aplicadas | H19: Sim | I19: Ensino pesquisa e extensão | J19: Não se aplica | K19: Não se aplica | L19: Não se aplica | M19: Não se aplica | N19: Não | O19: Rio de Janeiro | P19: COD_CURSO
A20: NOME | B20: COD_LAB_19 | C20: DESCRIÇÃO | D20: palavra-chave 1, palavra-chave 2, palavra-chave 3 | E20: Não | F20: Ciências Humanas | G20: Ciências Socias Aplicadas | H20: Sim | I20: Ensino pesquisa e extensão | J20: Não se aplica | K20: Não se aplica | L20: Não se aplica | M20: Não se aplica | N20: Não | O20: Rio de Janeiro | P20: COD_CURSO
A21: NOME | B21: COD_LAB_20 | C21: DESCRIÇÃO | D21: palavra-chave 1, palavra-chave 2, palavra-chave 3 | E21: Não | F21: Ciências Humanas | G21: Ciências Humanas | H21: Sim | I21: Ensino pesquisa e extensão | J21: Não se aplica | K21: Não se aplica | L21: Não se aplica | M21: Não se aplica | N21: Não | O21: RIo de Janeiro | P21: COD_CURSO
A22: NOME | B22: COD_LAB_21 | C22: DESCRIÇÃO | D22: palavra-chave 1, palavra-chave 2, palavra-chave 3 | E22: Não | F22: Ciências Humanas | H22: Sim | I22: Ensino pesquisa e extensão | J22: Não se aplica | K22: Não se aplica | L22: Não se aplica | M22: Não se aplica | N22: Não | O22: RIo de Janeiro | P22: COD_CURSO
A23: NOME | B23: COD_LAB_22 | C23: DESCRIÇÃO | D23: palavra-chave 1, palavra-chave 2, palavra-chave 3 | E23: Não | F23: Ciências Humanas | G23: Letras e Artes | H23: Sim | I23: Ensino pesquisa e extensão | J23: Não | K23: Não se aplica | L23: Não | M23: Não se aplica | N23: Não | O23: Rio de Janeiro | P23: COD_CURSO
A24: NOME | B24: COD_LAB_23 | C24: DESCRIÇÃO | D24: palavra-chave 1, palavra-chave 2, palavra-chave 3 | E24: Não | F24: Ciências Humanas | G24: Letras e Artes | H24: Sim | I24: Ensino pesquisa e extensão | J24: Não se aplica | K24: Não se aplica | L24: Não se aplica | M24: Não se aplica | N24: Não | O24: Rio de Janeiro | P24: COD_CURSO
A25: NOME | B25: COD_LAB_24 | C25: DESCRIÇÃO | D25: palavra-chave 1, palavra-chave 2, palavra-chave 3 | E25: Não | F25: Ciências Humanas | G25: Ciências Socias Aplicadas | H25: Sim | I25: Ensino pesquisa e extensão | J25: Não | K25: Não | L25: Não | M25: Não se aplica | N25: Não | O25: Rio de Janeiro | P25: COD_CURSO
A26: NOME | B26: COD_LAB_25 | C26: DESCRIÇÃO | D26: palavra-chave 1, palavra-chave 2, palavra-chave 3 | E26: Não | F26: Ciências Humanas | G26: Ciências Humanas | H26: Sim | I26: Ensino pesquisa e extensão | J26: Não | K26: Não | L26: Não | M26: Não | N26: Não | O26: Rio de Janeiro | P26: COD_CURSO
A27: NOME | B27: COD_LAB_26 | C27: DESCRIÇÃO | D27: palavra-chave 1, palavra-chave 2, palavra-chave 3 | E27: Não | F27: Ciências Humanas | G27: Ciências Humanas | H27: Sim | I27: Ensino pesquisa e extensão | J27: Não | K27: Não | L27: Não | M27: Não | N27: Não | O27: Rio de Janeiro | P27: COD_CURSO
A28: NOME | B28: COD_LAB_27 | C28: DESCRIÇÃO | D28: palavra-chave 1, palavra-chave 2, palavra-chave 3 | E28: Não | F28: Ciências Humanas | G28: Ciências Humanas | H28: Sim | I28: Ensino pesquisa e extensão | J28: Não se aplica | K28: Não se aplica | L28: Não se aplica | M28: Não se aplica | N28: Não | O28: Rio de Janeiro | P28: COD_CURSO
